election,seat,name,party,bloc
2013-president,kenya,Uhuru Kenyatta,TNA,Jubilee
2013-president,kenya,Raila Odinga,ODM,CORD
2013-president,kenya,Musalia Mudavadi,UDF,Amani
2013-president,kenya,Peter Kenneth,KNC,Eagle
2013-president,kenya,Mohamed Abduba Dida,ARK,ARK
2013-president,kenya,Martha Karua,NARC-Kenya,NARC-Kenya
2013-president,kenya,James ole Kiyiapi,RBK,RBK
2013-president,kenya,Paul Muite,Safina,Safina
2022-president,kenya,Raila Odinga,ODM,Azimio
2022-president,kenya,William Ruto,UDA,Kenya Kwanza
2022-president,kenya,David Mwaure Waihiga,Agano,Agano
2022-president,kenya,George Wajackoyah,Roots Party,Roots Party
