key,level,name,parent,iebc_code
nairobi,county,Nairobi,kenya,047
nairobi/dagoretti-north,constituency,Dagoretti North,nairobi,
nairobi/dagoretti-north/gatina,ward,Gatina,nairobi/dagoretti-north,
nairobi/dagoretti-north/kabiro,ward,Kabiro,nairobi/dagoretti-north,
nairobi/dagoretti-north/kawangware,ward,Kawangware,nairobi/dagoretti-north,
nairobi/dagoretti-north/kileleshwa,ward,Kileleshwa,nairobi/dagoretti-north,
nairobi/dagoretti-north/kilimani,ward,Kilimani,nairobi/dagoretti-north,
nairobi/dagoretti-south,constituency,Dagoretti South,nairobi,
nairobi/dagoretti-south/mutu-ini,ward,Mutu-ini,nairobi/dagoretti-south,
nairobi/dagoretti-south/ngando,ward,Ngando,nairobi/dagoretti-south,
nairobi/dagoretti-south/riruta,ward,Riruta,nairobi/dagoretti-south,
nairobi/dagoretti-south/uthiru-ruthimitu,ward,Uthiru/Ruthimitu,nairobi/dagoretti-south,
nairobi/dagoretti-south/waithaka,ward,Waithaka,nairobi/dagoretti-south,
nairobi/embakasi-central,constituency,Embakasi Central,nairobi,
nairobi/embakasi-central/kayole-central,ward,Kayole Central,nairobi/embakasi-central,
nairobi/embakasi-central/kayole-north,ward,Kayole North,nairobi/embakasi-central,
nairobi/embakasi-central/kayole-south,ward,Kayole South,nairobi/embakasi-central,
nairobi/embakasi-central/komarock,ward,Komarock,nairobi/embakasi-central,
nairobi/embakasi-central/matopeni-spring-valley,ward,Matopeni/Spring Valley,nairobi/embakasi-central,
nairobi/embakasi-east,constituency,Embakasi East,nairobi,
nairobi/embakasi-east/embakasi,ward,Embakasi,nairobi/embakasi-east,
nairobi/embakasi-east/lower-savannah,ward,Lower Savannah,nairobi/embakasi-east,
nairobi/embakasi-east/mihango,ward,Mihango,nairobi/embakasi-east,
nairobi/embakasi-east/upper-savannah,ward,Upper Savannah,nairobi/embakasi-east,
nairobi/embakasi-east/utawala,ward,Utawala,nairobi/embakasi-east,
nairobi/embakasi-north,constituency,Embakasi North,nairobi,
nairobi/embakasi-north/dandora-area-i,ward,Dandora Area I,nairobi/embakasi-north,
nairobi/embakasi-north/dandora-area-ii,ward,Dandora Area II,nairobi/embakasi-north,
nairobi/embakasi-north/dandora-area-iii,ward,Dandora Area III,nairobi/embakasi-north,
nairobi/embakasi-north/dandora-area-iv,ward,Dandora Area IV,nairobi/embakasi-north,
nairobi/embakasi-north/kariobangi-north,ward,Kariobangi North,nairobi/embakasi-north,
nairobi/embakasi-south,constituency,Embakasi South,nairobi,
nairobi/embakasi-south/imara-daima,ward,Imara Daima,nairobi/embakasi-south,
nairobi/embakasi-south/kwa-njenga,ward,Kwa Njenga,nairobi/embakasi-south,
nairobi/embakasi-south/kwa-reuben,ward,Kwa Reuben,nairobi/embakasi-south,
nairobi/embakasi-south/kware,ward,Kware,nairobi/embakasi-south,
nairobi/embakasi-south/pipeline,ward,Pipeline,nairobi/embakasi-south,
nairobi/embakasi-west,constituency,Embakasi West,nairobi,
nairobi/embakasi-west/kariobangi-south,ward,Kariobangi South,nairobi/embakasi-west,
nairobi/embakasi-west/mowlem,ward,Mowlem,nairobi/embakasi-west,
nairobi/embakasi-west/umoja-i,ward,Umoja I,nairobi/embakasi-west,
nairobi/embakasi-west/umoja-ii,ward,Umoja II,nairobi/embakasi-west,
nairobi/kamukunji,constituency,Kamukunji,nairobi,
nairobi/kamukunji/airbase,ward,Airbase,nairobi/kamukunji,
nairobi/kamukunji/california,ward,California,nairobi/kamukunji,
nairobi/kamukunji/eastleigh-north,ward,Eastleigh North,nairobi/kamukunji,
nairobi/kamukunji/eastleigh-south,ward,Eastleigh South,nairobi/kamukunji,
nairobi/kamukunji/pumwani,ward,Pumwani,nairobi/kamukunji,
nairobi/kasarani,constituency,Kasarani,nairobi,
nairobi/kasarani/clay-city,ward,Clay City,nairobi/kasarani,
nairobi/kasarani/kasarani,ward,Kasarani,nairobi/kasarani,
nairobi/kasarani/mwiki,ward,Mwiki,nairobi/kasarani,
nairobi/kasarani/njiru,ward,Njiru,nairobi/kasarani,
nairobi/kasarani/ruai,ward,Ruai,nairobi/kasarani,
nairobi/kibra,constituency,Kibra,nairobi,
nairobi/kibra/laini-saba,ward,Laini Saba,nairobi/kibra,
nairobi/kibra/lindi,ward,Lindi,nairobi/kibra,
nairobi/kibra/makina,ward,Makina,nairobi/kibra,
nairobi/kibra/sarangombe,ward,Sarangombe,nairobi/kibra,
nairobi/kibra/woodley-kenyatta-golf-course,ward,Woodley/Kenyatta Golf Course,nairobi/kibra,
nairobi/langata,constituency,Langata,nairobi,
nairobi/langata/karen,ward,Karen,nairobi/langata,
nairobi/langata/mugumo-ini,ward,Mugumo-ini,nairobi/langata,
nairobi/langata/nairobi-west,ward,Nairobi West,nairobi/langata,
nairobi/langata/nyayo-highrise,ward,Nyayo Highrise,nairobi/langata,
nairobi/langata/south-c,ward,South C,nairobi/langata,
nairobi/makadara,constituency,Makadara,nairobi,
nairobi/makadara/harambee,ward,Harambee,nairobi/makadara,
nairobi/makadara/makongeni,ward,Makongeni,nairobi/makadara,
nairobi/makadara/maringo-hamza,ward,Maringo/Hamza,nairobi/makadara,
nairobi/makadara/viwandani,ward,Viwandani,nairobi/makadara,
nairobi/mathare,constituency,Mathare,nairobi,
nairobi/mathare/hospital,ward,Hospital,nairobi/mathare,
nairobi/mathare/huruma,ward,Huruma,nairobi/mathare,
nairobi/mathare/kiamaiko,ward,Kiamaiko,nairobi/mathare,
nairobi/mathare/mabatini,ward,Mabatini,nairobi/mathare,
nairobi/mathare/mlango-kubwa,ward,Mlango Kubwa,nairobi/mathare,
nairobi/mathare/ngei,ward,Ngei,nairobi/mathare,
nairobi/roysambu,constituency,Roysambu,nairobi,
nairobi/roysambu/githurai,ward,Githurai,nairobi/roysambu,
nairobi/roysambu/kahawa,ward,Kahawa,nairobi/roysambu,
nairobi/roysambu/kahawa-west,ward,Kahawa West,nairobi/roysambu,
nairobi/roysambu/roysambu,ward,Roysambu,nairobi/roysambu,
nairobi/roysambu/zimmerman,ward,Zimmerman,nairobi/roysambu,
nairobi/ruaraka,constituency,Ruaraka,nairobi,
nairobi/ruaraka/baba-dogo,ward,Baba Dogo,nairobi/ruaraka,
nairobi/ruaraka/korogocho,ward,Korogocho,nairobi/ruaraka,
nairobi/ruaraka/lucky-summer,ward,Lucky Summer,nairobi/ruaraka,
nairobi/ruaraka/mathare-north,ward,Mathare North,nairobi/ruaraka,
nairobi/ruaraka/utalii,ward,Utalii,nairobi/ruaraka,
nairobi/starehe,constituency,Starehe,nairobi,
nairobi/starehe/landimawe,ward,Landimawe,nairobi/starehe,
nairobi/starehe/nairobi-central,ward,Nairobi Central,nairobi/starehe,
nairobi/starehe/nairobi-south,ward,Nairobi South,nairobi/starehe,
nairobi/starehe/ngara,ward,Ngara,nairobi/starehe,
nairobi/starehe/pangani,ward,Pangani,nairobi/starehe,
nairobi/starehe/ziwani-kariokor,ward,Ziwani/Kariokor,nairobi/starehe,
nairobi/westlands,constituency,Westlands,nairobi,
nairobi/westlands/kangemi,ward,Kangemi,nairobi/westlands,
nairobi/westlands/karura,ward,Karura,nairobi/westlands,
nairobi/westlands/kitisuru,ward,Kitisuru,nairobi/westlands,
nairobi/westlands/mountain-view,ward,Mountain View,nairobi/westlands,
nairobi/westlands/parklands-highridge,ward,Parklands/Highridge,nairobi/westlands,
