area,year,total,adults,young_adults,source
nairobi/embakasi-west/umoja-ii,2020,82473,55885,37271,worldpop-2020-agesex
nairobi/langata/nairobi-west,2020,48635,32916,20263,worldpop-2020-agesex
nairobi/embakasi-south/kwa-njenga,2020,36988,25059,16548,worldpop-2020-agesex
nairobi/embakasi-central/kayole-north,2020,96083,65108,43422,worldpop-2020-agesex
nairobi/westlands/parklands-highridge,2020,17442,12798,6612,worldpop-2020-agesex
nairobi/dagoretti-north/kileleshwa,2020,57090,41890,21641,worldpop-2020-agesex
nairobi/embakasi-central/komarock,2020,105817,71703,47821,worldpop-2020-agesex
nairobi/ruaraka/korogocho,2020,49660,33560,22146,worldpop-2020-agesex
nairobi/roysambu/githurai,2020,117949,79431,51747,worldpop-2020-agesex
nairobi/westlands/kangemi,2020,67588,48737,26185,worldpop-2020-agesex
nairobi/langata/nyayo-highrise,2020,2987,2021,1244,worldpop-2020-agesex
nairobi/embakasi-north/dandora-area-iii,2020,74376,50399,33612,worldpop-2020-agesex
nairobi/embakasi-east/lower-savannah,2020,63002,42691,28472,worldpop-2020-agesex
nairobi/roysambu/kahawa,2020,24194,16270,10489,worldpop-2020-agesex
nairobi/embakasi-central/kayole-south,2020,25875,17533,11694,worldpop-2020-agesex
nairobi/westlands/mountain-view,2020,44971,32504,17373,worldpop-2020-agesex
nairobi/dagoretti-north/kilimani,2020,72670,52797,27892,worldpop-2020-agesex
nairobi/kibra/lindi,2020,85706,58005,35708,worldpop-2020-agesex
nairobi/embakasi-north/dandora-area-ii,2020,48392,32791,21869,worldpop-2020-agesex
nairobi/dagoretti-south/riruta,2020,65674,44448,27362,worldpop-2020-agesex
nairobi/dagoretti-south/ngando,2020,35299,23890,14707,worldpop-2020-agesex
nairobi/embakasi-north/dandora-area-i,2020,22082,14963,9979,worldpop-2020-agesex
nairobi/kibra/laini-saba,2020,12318,8337,5132,worldpop-2020-agesex
nairobi/kasarani/ruai,2020,59628,40320,26771,worldpop-2020-agesex
nairobi/kibra/woodley-kenyatta-golf-course,2020,174371,118013,72650,worldpop-2020-agesex
nairobi/embakasi-north/dandora-area-iv,2020,67833,45964,30655,worldpop-2020-agesex
nairobi/kasarani/kasarani,2020,54435,36683,23928,worldpop-2020-agesex
nairobi/westlands/karura,2020,104138,75251,39962,worldpop-2020-agesex
nairobi/ruaraka/utalii,2020,94865,63927,41700,worldpop-2020-agesex
nairobi/dagoretti-north/gatina,2020,76296,52236,31393,worldpop-2020-agesex
nairobi/kibra/sarangombe,2020,32523,22012,13551,worldpop-2020-agesex
nairobi/kibra/makina,2020,64373,43567,26820,worldpop-2020-agesex
nairobi/starehe/ziwani-kariokor,2020,15336,10335,6741,worldpop-2020-agesex
nairobi/starehe/landimawe,2020,58059,39341,26211,worldpop-2020-agesex
nairobi/dagoretti-south/uthiru-ruthimitu,2020,49765,33679,20730,worldpop-2020-agesex
nairobi/makadara/viwandani,2020,80694,54679,36467,worldpop-2020-agesex
nairobi/dagoretti-south/mutu-ini,2020,14628,9898,6088,worldpop-2020-agesex
nairobi/langata/mugumo-ini,2020,45948,30984,19063,worldpop-2020-agesex
nairobi/dagoretti-south/waithaka,2020,66674,45124,27779,worldpop-2020-agesex
nairobi/ruaraka/baba-dogo,2020,89107,60048,39169,worldpop-2020-agesex
nairobi/westlands/kitisuru,2020,75461,55046,28536,worldpop-2020-agesex
nairobi/makadara/harambee,2020,47401,32119,21421,worldpop-2020-agesex
nairobi/embakasi-east/mihango,2020,54143,36616,24316,worldpop-2020-agesex
nairobi/kasarani/njiru,2020,58420,39586,26401,worldpop-2020-agesex
nairobi/embakasi-west/umoja-i,2020,66003,44724,29828,worldpop-2020-agesex
nairobi/dagoretti-north/kabiro,2020,9735,6588,4056,worldpop-2020-agesex
nairobi/langata/karen,2020,62904,42144,25944,worldpop-2020-agesex
nairobi/starehe/ngara,2020,38224,25759,16802,worldpop-2020-agesex
nairobi/roysambu/zimmerman,2020,18647,12563,8183,worldpop-2020-agesex
nairobi/roysambu/kahawa-west,2020,73227,49342,32177,worldpop-2020-agesex
nairobi/kasarani/clay-city,2020,30594,20617,13448,worldpop-2020-agesex
nairobi/kasarani/mwiki,2020,59292,40018,26268,worldpop-2020-agesex
nairobi/starehe/nairobi-south,2020,45262,30670,20414,worldpop-2020-agesex
nairobi/embakasi-south/imara-daima,2020,14804,9996,6134,worldpop-2020-agesex
nairobi/embakasi-east/utawala,2020,36416,24676,16457,worldpop-2020-agesex
nairobi/embakasi-east/upper-savannah,2020,15359,10407,6941,worldpop-2020-agesex
nairobi/langata/south-c,2020,11645,7882,4852,worldpop-2020-agesex
nairobi/embakasi-south/kwa-reuben,2020,61551,41702,27546,worldpop-2020-agesex
nairobi/embakasi-south/kware,2020,70691,47901,31947,worldpop-2020-agesex
nairobi/embakasi-south/pipeline,2020,49742,33706,22479,worldpop-2020-agesex
nairobi/embakasi-east/embakasi,2020,154126,103979,68331,worldpop-2020-agesex
nairobi/roysambu/roysambu,2020,55494,37446,24344,worldpop-2020-agesex
nairobi/mathare/mlango-kubwa,2020,27653,18635,12155,worldpop-2020-agesex
nairobi/kamukunji/california,2020,37524,25287,16495,worldpop-2020-agesex
nairobi/kamukunji/eastleigh-north,2020,47381,31929,20828,worldpop-2020-agesex
nairobi/kamukunji/eastleigh-south,2020,24557,16549,10795,worldpop-2020-agesex
nairobi/makadara/maringo-hamza,2020,57878,39163,25972,worldpop-2020-agesex
nairobi/makadara/makongeni,2020,47621,32269,21521,worldpop-2020-agesex
nairobi/embakasi-west/mowlem,2020,44898,30424,20290,worldpop-2020-agesex
nairobi/embakasi-west/kariobangi-south,2020,86531,58524,38738,worldpop-2020-agesex
nairobi/kamukunji/airbase,2020,156822,105682,68942,worldpop-2020-agesex
nairobi/embakasi-central/matopeni-spring-valley,2020,32846,22257,14844,worldpop-2020-agesex
nairobi/embakasi-central/kayole-central,2020,59321,40197,26809,worldpop-2020-agesex
nairobi/embakasi-north/kariobangi-north,2020,79129,53405,35051,worldpop-2020-agesex
nairobi/mathare/huruma,2020,46609,31409,20488,worldpop-2020-agesex
nairobi/mathare/ngei,2020,39688,26745,17446,worldpop-2020-agesex
nairobi/mathare/hospital,2020,64517,43477,28360,worldpop-2020-agesex
nairobi/mathare/mabatini,2020,22743,15326,9997,worldpop-2020-agesex
nairobi/mathare/kiamaiko,2020,34535,23273,15181,worldpop-2020-agesex
nairobi/dagoretti-north/kawangware,2020,79453,53785,33096,worldpop-2020-agesex
nairobi/ruaraka/mathare-north,2020,112891,76075,49624,worldpop-2020-agesex
nairobi/ruaraka/lucky-summer,2020,39518,26689,17563,worldpop-2020-agesex
nairobi/kamukunji/pumwani,2020,17610,11867,7741,worldpop-2020-agesex
nairobi/starehe/nairobi-central,2020,26166,17669,11579,worldpop-2020-agesex
nairobi/starehe/pangani,2020,47148,31772,20725,worldpop-2020-agesex
