year,area,registered,source
2022,nairobi/dagoretti-north/gatina,34831,electionskenya-2022-register
2022,nairobi/dagoretti-north/kabiro,29090,electionskenya-2022-register
2022,nairobi/dagoretti-north/kawangware,28468,electionskenya-2022-register
2022,nairobi/dagoretti-north/kileleshwa,26343,electionskenya-2022-register
2022,nairobi/dagoretti-north/kilimani,38927,electionskenya-2022-register
2022,nairobi/dagoretti-south/mutu-ini,13484,electionskenya-2022-register
2022,nairobi/dagoretti-south/ngando,24892,electionskenya-2022-register
2022,nairobi/dagoretti-south/riruta,37766,electionskenya-2022-register
2022,nairobi/dagoretti-south/uthiru-ruthimitu,19657,electionskenya-2022-register
2022,nairobi/dagoretti-south/waithaka,19131,electionskenya-2022-register
2022,nairobi/embakasi-central/kayole-central,26855,electionskenya-2022-register
2022,nairobi/embakasi-central/kayole-north,25563,electionskenya-2022-register
2022,nairobi/embakasi-central/kayole-south,41154,electionskenya-2022-register
2022,nairobi/embakasi-central/komarock,33127,electionskenya-2022-register
2022,nairobi/embakasi-central/matopeni-spring-valley,19193,electionskenya-2022-register
2022,nairobi/embakasi-east/embakasi,46291,electionskenya-2022-register
2022,nairobi/embakasi-east/lower-savannah,30104,electionskenya-2022-register
2022,nairobi/embakasi-east/mihango,23569,electionskenya-2022-register
2022,nairobi/embakasi-east/upper-savannah,28928,electionskenya-2022-register
2022,nairobi/embakasi-east/utawala,25707,electionskenya-2022-register
2022,nairobi/embakasi-north/dandora-area-i,20543,electionskenya-2022-register
2022,nairobi/embakasi-north/dandora-area-ii,19761,electionskenya-2022-register
2022,nairobi/embakasi-north/dandora-area-iii,21247,electionskenya-2022-register
2022,nairobi/embakasi-north/dandora-area-iv,27293,electionskenya-2022-register
2022,nairobi/embakasi-north/kariobangi-north,24500,electionskenya-2022-register
2022,nairobi/embakasi-south/imara-daima,38096,electionskenya-2022-register
2022,nairobi/embakasi-south/kwa-njenga,28554,electionskenya-2022-register
2022,nairobi/embakasi-south/kwa-reuben,33591,electionskenya-2022-register
2022,nairobi/embakasi-south/kware,29812,electionskenya-2022-register
2022,nairobi/embakasi-south/pipeline,37900,electionskenya-2022-register
2022,nairobi/embakasi-west/kariobangi-south,38339,electionskenya-2022-register
2022,nairobi/embakasi-west/mowlem,23423,electionskenya-2022-register
2022,nairobi/embakasi-west/umoja-i,40554,electionskenya-2022-register
2022,nairobi/embakasi-west/umoja-ii,39562,electionskenya-2022-register
2022,nairobi/kamukunji/airbase,16352,electionskenya-2022-register
2022,nairobi/kamukunji/california,17492,electionskenya-2022-register
2022,nairobi/kamukunji/eastleigh-north,27523,electionskenya-2022-register
2022,nairobi/kamukunji/eastleigh-south,28019,electionskenya-2022-register
2022,nairobi/kamukunji/pumwani,39130,electionskenya-2022-register
2022,nairobi/kasarani/clay-city,34387,electionskenya-2022-register
2022,nairobi/kasarani/kasarani,27525,electionskenya-2022-register
2022,nairobi/kasarani/mwiki,27837,electionskenya-2022-register
2022,nairobi/kasarani/njiru,28140,electionskenya-2022-register
2022,nairobi/kasarani/ruai,37361,electionskenya-2022-register
2022,nairobi/kibra/laini-saba,19378,electionskenya-2022-register
2022,nairobi/kibra/lindi,19082,electionskenya-2022-register
2022,nairobi/kibra/makina,28408,electionskenya-2022-register
2022,nairobi/kibra/sarangombe,32442,electionskenya-2022-register
2022,nairobi/kibra/woodley-kenyatta-golf-course,28972,electionskenya-2022-register
2022,nairobi/langata/karen,34450,electionskenya-2022-register
2022,nairobi/langata/mugumo-ini,37864,electionskenya-2022-register
2022,nairobi/langata/nairobi-west,18386,electionskenya-2022-register
2022,nairobi/langata/nyayo-highrise,21800,electionskenya-2022-register
2022,nairobi/langata/south-c,33149,electionskenya-2022-register
2022,nairobi/makadara/harambee,36498,electionskenya-2022-register
2022,nairobi/makadara/makongeni,28658,electionskenya-2022-register
2022,nairobi/makadara/maringo-hamza,39821,electionskenya-2022-register
2022,nairobi/makadara/viwandani,24650,electionskenya-2022-register
2022,nairobi/mathare/hospital,12512,electionskenya-2022-register
2022,nairobi/mathare/huruma,23018,electionskenya-2022-register
2022,nairobi/mathare/kiamaiko,19193,electionskenya-2022-register
2022,nairobi/mathare/mabatini,20976,electionskenya-2022-register
2022,nairobi/mathare/mlango-kubwa,22765,electionskenya-2022-register
2022,nairobi/mathare/ngei,24699,electionskenya-2022-register
2022,nairobi/roysambu/githurai,35899,electionskenya-2022-register
2022,nairobi/roysambu/kahawa,17428,electionskenya-2022-register
2022,nairobi/roysambu/kahawa-west,38586,electionskenya-2022-register
2022,nairobi/roysambu/roysambu,31158,electionskenya-2022-register
2022,nairobi/roysambu/zimmerman,30701,electionskenya-2022-register
2022,nairobi/ruaraka/baba-dogo,29419,electionskenya-2022-register
2022,nairobi/ruaraka/korogocho,17440,electionskenya-2022-register
2022,nairobi/ruaraka/lucky-summer,20690,electionskenya-2022-register
2022,nairobi/ruaraka/mathare-north,29334,electionskenya-2022-register
2022,nairobi/ruaraka/utalii,27599,electionskenya-2022-register
2022,nairobi/starehe/landimawe,20436,electionskenya-2022-register
2022,nairobi/starehe/nairobi-central,52186,electionskenya-2022-register
2022,nairobi/starehe/nairobi-south,33853,electionskenya-2022-register
2022,nairobi/starehe/ngara,27816,electionskenya-2022-register
2022,nairobi/starehe/pangani,18494,electionskenya-2022-register
2022,nairobi/starehe/ziwani-kariokor,16790,electionskenya-2022-register
2022,nairobi/westlands/kangemi,32551,electionskenya-2022-register
2022,nairobi/westlands/karura,29548,electionskenya-2022-register
2022,nairobi/westlands/kitisuru,29237,electionskenya-2022-register
2022,nairobi/westlands/mountain-view,32259,electionskenya-2022-register
2022,nairobi/westlands/parklands-highridge,37144,electionskenya-2022-register
2022,nairobi/dagoretti-north,157659,electionskenya-2022-candidates
2022,nairobi/dagoretti-south,114930,electionskenya-2022-candidates
2022,nairobi/embakasi-central,145892,electionskenya-2022-candidates
2022,nairobi/embakasi-east,154599,electionskenya-2022-candidates
2022,nairobi/embakasi-north,113344,electionskenya-2022-candidates
2022,nairobi/embakasi-south,167953,electionskenya-2022-candidates
2022,nairobi/embakasi-west,141878,electionskenya-2022-candidates
2022,nairobi/kamukunji,128516,electionskenya-2022-candidates
2022,nairobi/kasarani,155250,electionskenya-2022-candidates
2022,nairobi/kibra,128282,electionskenya-2022-candidates
2022,nairobi/langata,145649,electionskenya-2022-candidates
2022,nairobi/makadara,129627,electionskenya-2022-candidates
2022,nairobi/mathare,123163,electionskenya-2022-candidates
2022,nairobi/roysambu,153772,electionskenya-2022-candidates
2022,nairobi/ruaraka,124482,electionskenya-2022-candidates
2022,nairobi/starehe,169575,electionskenya-2022-candidates
2022,nairobi/westlands,160739,electionskenya-2022-candidates
